fixed acidity,volatile acidity,citric acid,residual sugar,chlorides,free sulfur dioxide,total sulfur dioxide,density,pH,sulphates,alcohol,quality
7.7,0.11,0.34,14.05,0.04,41.0,114.0,0.99634,3.07,0.59,11.0,7
8.3,0.49,0.43,2.5,36,32.0,116.0,0.9944,3.23,0.47,10.7,6
7.1,0.18,0.74,15.6,44,44.0,176.0,0.9996,3.38,0.67,9.0,6
7.4,0.18,0.34,2.7,0.03,30.0,107.0,992,2.97,0.53,11.0,6
7.0,0.16,0.32,8.3,45,38.0,126.0,0.9958,3.21,0.34,9.2,5
6.8,0.3,0.23,4.6,61,50.5,238.5,0.9958,3.32,0.6,9.5,5
6.8,0.25,0.29,2.0,42,19.0,189.0,0.9952,3.46,0.54,10.2,6
7.2,0.21,0.37,1.6,49,23.0,94.0,0.9924,3.16,0.48,10.9,7
6.9,0.19,0.35,1.7,36,33.0,101.0,0.99315,3.21,0.54,10.8,7
6.5,0.26,0.31,3.6,0.03,36.0,92.0,0.99026,3.22,0.62,12.6,8
6.8,0.26,0.29,16.95,56,48.0,179.0,0.9998,3.45,0.4,9.6,5
6.2,0.15,0.27,11.0,35,46.0,116.0,0.99602,3.12,0.38,9.1,6
7.4,0.38,0.27,7.5,41,24.0,160.0,0.99535,3.17,0.43,10.0,5
6.6,0.27,0.49,7.8,49,62.0,217.0,0.9959,3.17,0.45,9.4,6
6.1,0.27,0.32,1.1,34,24.0,110.0,0.9898,3.36,0.4,12.5,6
8.1,0.33,0.36,7.4,37,36.0,156.0,0.99592,3.19,0.54,10.6,6
6.1,0.24,0.26,1.7,33,61.0,134.0,0.9903,3.19,0.81,11.9,7
6.8,0.19,0.34,1.9,0.04,41.0,108.0,0.99,3.25,0.45,12.9,6
5.7,0.25,0.26,12.5,49,52.5,106.0,0.99691,3.08,0.45,9.4,6
6.7,0.54,0.27,7.1,49,8.0,178.0,0.99502,3.16,0.38,9.4,4
7.0,0.22,0.24,11.0,41,75.0,167.0,0.99508,2.98,0.56,10.5,6
6.9,0.52,0.54,7.9,36,23.0,169.0,0.99267,3.26,0.47,12.2,6
6.8,0.22,0.3,10.6,0.07,67.0,194.0,0.99654,2.89,0.42,9.0,6
6.6,0.41,0.27,10.7,0.11,20.0,103.0,0.99672,3.08,0.41,9.0,6
7.6,0.28,0.17,1.6,46,28.0,117.0,0.99288,3.08,0.43,10.0,5
7.4,0.31,0.26,8.6,48,47.0,206.0,0.9964,3.26,0.36,9.1,5
7.4,0.16,0.27,15.5,0.05,25.0,135.0,0.9984,2.9,0.43,8.7,7
8.5,0.22,0.34,0.7,0.04,5.0,25.0,0.9918,3.04,0.37,10.5,4
7.7,0.28,0.29,6.9,41,29.0,163.0,0.9952,3.44,0.6,10.5,6
7.0,0.31,0.52,1.7,29,5.0,61.0,0.9918,3.07,0.43,10.4,5
6.9,0.25,0.35,9.2,34,42.0,150.0,0.9947,3.21,0.36,11.5,6
7.4,0.28,0.36,14.6,48,35.0,161.0,0.9968,3.14,0.56,10.6,5
6.0,0.4,0.3,1.6,47,30.0,117.0,0.9931,3.17,0.48,10.1,6
7.4,0.39,0.23,7.0,33,29.0,126.0,994,3.14,0.42,10.5,5
6.5,0.22,0.72,6.8,42,33.0,168.0,0.9958,3.12,0.36,9.2,6
5.5,375,0.38,1.7,36,17.0,98.0,0.99142,3.29,0.39,10.5,6
7.8,0.25,0.41,3.7,42,37.0,149.0,0.9954,3.36,0.45,10.0,6
7.1,0.38,0.29,13.6,41,30.0,137.0,0.99461,3.02,0.96,12.1,6
6.8,0.3,0.27,11.6,28,22.0,97.0,0.99314,2.96,0.38,11.7,6
7.6,0.17,0.27,4.6,0.05,23.0,98.0,0.99422,3.08,0.47,9.5,6
6.0,0.21,0.24,12.1,0.05,55.0,164.0,997,3.34,0.39,9.4,5
7.3,0.18,0.31,17.3,55,32.0,197.0,1.0002,3.13,0.46,9.0,6
6.0,0.26,0.29,1.0,32,27.0,96.0,0.9896,3.38,0.44,12.3,6
7.7,0.34,0.28,11.0,0.04,31.0,117.0,0.99815,3.27,0.29,9.2,6
6.8,0.23,0.42,7.4,44,56.0,189.0,0.9958,3.22,0.48,9.3,6
5.8,0.29,0.21,2.6,25,12.0,120.0,0.9894,3.39,0.79,14.0,7
7.0,0.39,0.31,5.3,169,32.0,162.0,0.9965,3.2,0.48,9.4,5
7.1,0.31,0.47,13.6,56,54.0,197.0,0.9978,3.1,0.49,9.3,5
6.7,0.26,0.49,8.3,47,54.0,191.0,0.9954,3.23,0.4,10.3,6
6.9,0.34,0.74,11.2,69,44.0,150.0,0.9968,3.0,0.81,9.2,5
7.5,0.24,0.31,13.1,0.05,26.0,180.0,0.99884,3.05,0.53,9.1,6
6.4,0.32,0.23,16.2,55,36.0,176.0,0.9986,3.26,0.54,9.1,5
9.0,0.31,0.48,6.6,43,11.0,73.0,0.9938,2.9,0.38,11.6,5
7.7,0.39,0.28,4.9,35,36.0,109.0,0.9918,3.19,0.58,12.2,7
7.2,0.39,0.54,1.4,157,34.0,132.0,0.99449,3.11,0.53,9.0,6
7.6,0.23,0.49,10.0,36,45.0,182.0,0.9967,3.08,0.58,9.6,6
7.4,0.33,0.26,15.6,49,67.0,210.0,0.99907,3.06,0.68,9.5,5
7.1,0.31,0.25,11.2,48,32.0,136.0,0.99663,3.14,0.4,9.5,5
6.2,0.31,0.23,3.3,52,34.0,113.0,0.99429,3.16,0.48,8.4,5
6.9,0.25,0.3,4.1,54,23.0,116.0,994,2.99,0.38,9.4,6
7.6,0.31,0.23,12.7,54,20.0,139.0,0.99836,3.16,0.5,9.7,4
8.2,0.3,0.44,12.4,43,52.0,154.0,0.99452,3.04,0.33,12.0,6
6.8,0.3,0.22,6.2,0.06,41.0,190.0,0.99858,3.18,0.51,9.2,5
9.8,0.44,0.4,2.8,36,35.0,167.0,0.9956,2.97,0.39,9.2,5
6.2,0.2,0.25,15.0,55,8.0,120.0,0.99767,3.19,0.53,9.6,6
7.7,0.18,0.53,1.2,41,42.0,167.0,0.9908,3.11,0.44,11.9,5
6.6,0.13,0.29,13.9,56,33.0,95.0,0.99702,3.17,0.39,9.4,6
6.0,0.32,0.3,1.9,33,41.0,142.0,0.98912,3.29,0.42,12.8,7
6.3,0.24,0.35,2.3,39,43.0,109.0,0.99056,3.34,0.44,11.8,6
8.0,0.45,0.28,10.8,51,25.0,157.0,0.9957,3.06,0.47,11.4,7
7.8,0.26,0.49,3.2,27,28.0,87.0,0.9919,3.03,0.32,11.3,7
4.8,0.13,0.32,1.2,42,40.0,98.0,0.9898,3.42,0.64,11.8,7
7.1,0.36,0.37,4.8,19,39.0,114.0,0.99036,3.08,0.49,12.7,7
4.8,0.17,0.28,2.9,0.03,22.0,111.0,0.9902,3.38,0.34,11.3,7
6.7,265,0.22,8.6,48,54.0,198.0,0.9955,3.25,0.41,10.2,5
5.6,0.18,0.31,1.5,38,16.0,84.0,0.9924,3.34,0.58,10.1,6
7.2,0.39,0.54,1.4,157,34.0,132.0,0.99449,3.11,0.53,9.0,6
7.5,0.21,0.68,10.9,45,38.0,133.0,0.9978,3.0,0.36,8.7,5
6.4,0.28,0.22,12.8,39,51.0,150.0,0.99535,3.23,0.43,10.7,6
7.6,0.4,0.27,5.2,0.03,32.0,101.0,0.99172,3.22,0.62,12.3,7
6.4,0.42,0.46,8.4,0.05,58.0,180.0,0.99495,3.18,0.46,9.7,6
6.9,0.26,0.31,7.0,39,37.0,175.0,0.99376,3.32,0.49,11.4,6
6.6,0.34,0.4,8.1,46,68.0,170.0,0.99494,3.15,0.5,9.53333333333333,6
7.0,0.15,0.3,13.3,49,46.0,120.0,0.99704,3.2,0.36,9.5,7
6.2,0.21,0.27,1.7,38,41.0,150.0,0.9933,3.49,0.71,10.5,7
8.4,0.36,0.36,11.1,32,21.0,132.0,0.99313,2.95,0.39,13.0,6
7.1,0.26,0.32,16.2,44,31.0,170.0,0.99644,3.17,0.37,11.2,5
6.7,0.25,0.36,8.6,37,63.0,206.0,0.99553,3.18,0.5,9.6,5
7.7,0.3,0.26,18.95,53,36.0,174.0,0.99976,3.2,0.5,10.4,5
5.6,225,0.24,9.8,54,59.0,140.0,0.99545,3.17,0.39,10.2,6
9.7,0.24,0.45,1.2,33,11.0,59.0,0.9926,2.74,0.47,10.8,6
6.3,0.1,0.24,6.0,39,25.0,107.0,0.99511,3.59,0.49,10.5,7
7.0,0.24,0.35,1.0,32,42.0,104.0,0.98988,3.16,0.37,11.7,7
8.0,0.28,0.32,7.6,45,61.0,204.0,0.99543,3.1,0.55,10.1,6
7.7,0.34,0.27,8.8,63,39.0,184.0,0.9969,3.09,0.63,9.2,6
7.5,0.28,0.39,10.2,45,59.0,209.0,0.9972,3.16,0.63,9.6,6
7.6,0.22,0.34,9.7,35,26.0,143.0,0.9965,3.08,0.49,9.8,6
7.6,0.29,0.42,1.3,35,18.0,86.0,0.9908,2.99,0.39,11.3,5
7.6,285,0.32,14.6,63,32.0,201.0,998,3.0,0.45,9.2,5
5.5,0.15,0.32,14.0,31,16.0,99.0,0.99437,3.26,0.38,11.5,8
7.3,0.26,0.31,1.6,0.04,39.0,173.0,0.9918,3.19,0.51,11.4,6
8.5,0.19,0.48,1.1,26,23.0,58.0,0.99184,2.9,0.5,10.5,6
8.1,0.28,0.39,1.9,29,18.0,79.0,0.9923,3.23,0.52,11.8,6
5.8,0.31,0.33,1.2,36,23.0,99.0,0.9916,3.18,0.6,10.5,6
6.9,0.19,0.35,5.0,67,32.0,150.0,995,3.36,0.48,9.8,5
6.0,0.28,0.35,1.9,37,16.0,120.0,0.9933,3.16,0.69,10.6,5
6.2,0.3,0.21,1.1,32,31.0,111.0,0.9889,2.97,0.42,12.2,6
7.2,0.29,0.53,18.15,47,59.0,182.0,0.9992,3.09,0.52,9.6,5
5.8,0.26,0.18,1.2,31,40.0,114.0,0.9908,3.42,0.4,11.0,7
7.5,0.18,0.72,9.6,39,53.0,151.0,0.99802,3.03,0.46,8.9,5
7.1,0.26,0.34,14.4,67,35.0,189.0,0.9986,3.07,0.53,9.1,7
6.8,0.19,0.33,4.9,47,42.0,130.0,0.99283,3.12,0.56,11.0,6
6.4,0.3,0.38,7.8,46,35.0,192.0,0.9955,3.1,0.37,9.0,5
6.0,0.2,0.26,6.8,49,22.0,93.0,0.9928,3.15,0.42,11.0,6
5.9,0.3,0.23,4.2,38,42.0,119.0,0.9924,3.15,0.5,11.0,5
7.7,0.31,0.23,2.0,69,29.0,134.0,0.99382,3.11,0.62,9.8,5
7.5,0.18,0.39,1.9,54,23.0,91.0,0.9941,3.27,0.45,10.3,6
7.0,0.2,0.37,2.0,0.03,26.0,136.0,0.9932,3.28,0.61,10.2,6
8.3,0.23,0.3,2.1,49,21.0,153.0,0.9953,3.09,0.5,9.6,6
6.7,0.47,0.29,4.75,34,29.0,134.0,0.99056,3.29,0.46,13.0,7
6.9,0.33,0.26,5.0,27,46.0,143.0,0.9924,3.25,0.43,11.2,7
5.9,0.24,0.3,2.0,33,28.0,92.0,0.99225,3.39,0.69,10.9,7
7.5,0.38,0.33,9.2,43,19.0,116.0,0.99444,3.08,0.42,11.4,6
6.3,0.33,0.2,5.8,0.04,24.0,144.0,0.99425,3.15,0.63,9.9,5
6.8,0.2,0.59,0.9,147,38.0,132.0,993,3.05,0.38,9.1,6
8.2,0.52,0.34,1.2,42,18.0,167.0,0.99366,3.24,0.39,10.6,5
7.0,0.21,0.34,8.5,33,31.0,253.0,0.9953,3.22,0.56,10.5,6
5.8,0.19,0.33,4.2,38,49.0,133.0,0.99107,3.16,0.42,11.3,7
6.6,0.29,0.73,2.2,27,21.0,92.0,0.99,3.12,0.48,12.4,6
6.7,0.46,0.21,4.0,34,12.0,88.0,0.99016,3.26,0.54,13.0,6
7.8,0.23,0.28,4.75,42,45.0,166.0,0.9928,2.96,0.4,11.5,5
7.1,0.2,0.37,1.5,49,28.0,129.0,0.99226,3.15,0.52,10.8,5
7.2,0.27,0.42,1.6,0.05,35.0,135.0,992,2.94,0.46,11.0,6
6.7,0.23,0.39,2.5,172,63.0,158.0,0.9937,3.11,0.36,9.4,6
6.5,0.21,0.42,1.1,59,33.0,101.0,0.9927,3.12,0.38,9.7,6
6.2,0.17,0.3,1.1,37,14.0,79.0,993,3.5,0.54,10.3,6
6.5,0.28,0.35,15.4,42,55.0,195.0,0.9978,3.23,0.5,9.6,6
5.9,0.14,0.2,1.6,0.04,26.0,114.0,0.99105,3.25,0.45,11.4,6
6.6,0.34,0.28,1.3,35,32.0,90.0,0.9916,3.1,0.42,10.7,6
7.1,0.18,0.39,14.5,51,48.0,156.0,0.99947,3.35,0.78,9.1,5
7.5,0.22,0.33,6.7,36,45.0,138.0,0.9939,3.2,0.68,11.4,6
6.4,0.31,0.4,6.4,39,39.0,191.0,0.99513,3.14,0.52,9.8,5
6.3,0.21,0.31,1.2,43,30.0,117.0,0.99158,3.49,0.68,11.0,6
6.3,0.33,0.42,17.2,37,57.0,170.0,0.99884,3.26,0.57,9.4,6
7.2,0.51,0.24,10.0,93,35.0,197.0,0.9981,3.41,0.47,9.0,5
7.1,0.31,0.25,11.2,48,32.0,136.0,0.99663,3.14,0.4,9.5,5
6.5,0.35,0.28,12.4,51,86.0,213.0,0.9962,3.16,0.51,9.9,6
6.1,0.31,0.34,2.8,42,59.5,162.0,0.99179,3.27,0.47,10.8,6
6.7,0.3,0.5,12.1,45,38.0,127.0,0.9974,3.04,0.53,8.9,6
5.9,0.2,0.28,12.8,38,29.0,132.0,0.99426,3.31,0.57,11.8,7
6.1,0.41,0.0,1.6,63,36.0,87.0,0.9914,3.27,0.67,10.8,6
6.8,0.31,0.09,1.4,0.04,56.0,145.0,0.9922,3.19,0.46,10.0,5
7.2,0.26,0.24,7.0,23,19.0,130.0,0.99176,3.14,0.49,12.8,7
6.5,0.29,0.3,9.15,51,25.0,166.0,0.99339,3.24,0.56,11.35,6
6.0,0.27,0.15,1.5,56,35.0,128.0,0.9936,3.12,0.45,8.8,5
7.9,0.34,0.44,6.5,27,47.0,126.0,0.99124,2.96,0.37,12.5,6
6.5,0.08,0.33,1.9,28,23.0,93.0,991,3.34,0.7,12.0,7
7.0,0.29,0.33,0.9,41,20.0,117.0,0.99048,3.21,0.5,11.4,5
6.8,0.3,0.33,12.8,41,60.0,168.0,0.99659,3.1,0.56,9.8,5
6.1,0.28,0.32,2.5,42,23.0,218.5,0.9935,3.27,0.6,9.8,5
7.1,0.21,0.32,2.2,37,28.0,141.0,993,3.2,0.57,10.0,7
6.8,0.63,0.04,1.3,58,25.0,133.0,0.99271,3.17,0.39,10.2,4
6.4,0.35,0.21,2.1,51,46.0,171.0,0.9932,3.16,0.5,9.5,5
7.0,0.22,0.26,2.8,36,44.0,132.0,0.99078,3.34,0.41,12.0,7
6.1,0.15,0.35,15.8,42,55.0,158.0,0.99642,3.24,0.37,10.6,5
8.4,0.18,0.42,5.1,36,7.0,77.0,0.9939,3.16,0.52,11.7,5
6.3,0.23,0.33,6.9,52,23.0,118.0,0.9938,3.23,0.46,10.4,6
5.8,0.13,0.22,12.7,58,24.0,183.0,0.9956,3.32,0.42,11.7,6
5.8,0.2,0.34,1.0,35,40.0,86.0,0.98993,3.5,0.42,11.7,5
7.6,0.67,0.14,1.5,74,25.0,168.0,0.9937,3.05,0.51,9.3,5
6.4,0.16,0.32,8.75,38,38.0,118.0,0.99449,3.19,0.41,10.7,5
6.3,0.16,0.22,1.3,46,18.0,66.0,0.99307,3.61,0.55,10.3,6
8.0,0.43,0.4,12.4,168,29.0,190.0,0.9991,3.07,0.64,9.2,5
7.5,0.22,0.32,2.4,45,29.0,100.0,0.99135,3.08,0.6,11.3,7
7.3,0.19,0.27,13.9,57,45.0,155.0,0.99807,2.94,0.41,8.8,8
6.5,0.26,0.34,1.4,0.04,25.0,184.0,0.99216,3.29,0.46,10.7,5
6.0,0.28,0.52,6.2,28,37.0,104.0,0.99161,3.28,0.51,11.8,7
5.0,0.33,0.18,4.6,32,40.0,124.0,0.99114,3.18,0.4,11.0,6
6.6,0.23,0.18,8.5,44,59.0,188.0,0.99558,3.16,0.49,9.5,5
6.5,0.21,0.28,1.4,46,26.0,66.0,0.99199,3.43,0.48,11.1,6
6.6,0.27,0.32,1.3,44,18.0,93.0,0.99044,3.11,0.56,12.25,5
6.7,0.27,0.69,1.2,176,36.0,106.0,0.99288,2.96,0.43,9.2,6
5.6,0.33,0.28,1.2,31,33.0,97.0,0.99126,3.49,0.58,10.9,6
6.5,0.35,0.36,0.8,34,32.0,111.0,0.98942,3.11,0.5,12.1,8
5.6,0.12,0.33,2.9,44,21.0,73.0,0.98896,3.17,0.32,12.9,8
7.7,0.34,0.3,8.0,48,25.0,192.0,0.9951,2.97,0.47,10.9,5
7.0,0.21,0.28,7.5,0.07,45.0,185.0,0.9966,3.34,0.55,9.4,5
7.4,0.19,0.31,14.5,45,39.0,193.0,0.9986,3.1,0.5,9.2,6
8.7,0.45,0.4,1.5,67,17.0,100.0,0.9957,3.27,0.57,10.1,6
6.3,0.34,0.27,2.5,24,40.0,152.0,0.99095,3.35,0.6,11.9,7
6.9,0.43,0.28,9.4,56,29.0,183.0,0.99594,3.17,0.43,9.4,5
5.9,0.12,0.28,1.4,37,36.0,83.0,0.99074,3.33,0.42,10.9,7
6.6,0.24,0.22,12.3,51,35.0,146.0,0.99676,3.1,0.67,9.4,5
6.6,0.29,0.31,3.9,27,39.0,96.0,0.99035,3.24,0.6,12.6,8
6.7,0.23,0.25,1.6,36,28.0,143.0,0.99256,3.3,0.54,10.3,6
6.9,0.25,0.26,5.2,24,36.0,135.0,0.9948,3.16,0.72,10.7,7
6.1,0.31,0.37,8.4,31,70.0,170.0,0.9934,3.42,0.4,11.7,8
7.2,0.17,0.41,1.6,52,24.0,126.0,0.99228,3.19,0.49,10.8,5
6.8,0.21,0.37,7.0,38,27.0,107.0,0.99206,2.98,0.82,11.5,6
6.5,0.36,0.49,2.9,0.03,16.0,94.0,0.9902,3.1,0.49,12.1,7
6.5,0.31,0.61,13.0,53,31.0,123.0,0.99708,3.09,0.5,9.3,6
7.2,0.2,0.22,1.6,44,17.0,101.0,0.99471,3.37,0.53,10.0,5
7.8,0.22,0.36,1.4,56,21.0,153.0,993,3.2,0.53,10.4,6
5.8,0.33,0.2,16.05,47,26.0,166.0,0.9976,3.09,0.46,8.9,5
7.5,0.26,0.52,13.2,47,64.0,179.0,0.9982,3.1,0.46,9.0,5
6.8,0.46,0.26,2.7,42,28.0,83.0,0.99114,3.38,0.51,12.0,8
6.1,0.16,0.27,12.6,64,63.0,162.0,0.9994,3.66,0.43,8.9,5
6.8,0.18,0.28,9.8,39,29.0,113.0,0.99406,3.11,0.45,10.9,7
8.4,0.18,0.42,5.1,36,7.0,77.0,0.9939,3.16,0.52,11.7,5
7.6,0.2,0.3,14.2,56,53.0,212.5,999,3.14,0.46,8.9,8
6.6,0.23,0.2,11.4,44,45.0,131.0,0.99604,2.96,0.51,9.7,6
7.3,0.19,0.49,15.55,58,50.0,134.0,0.9998,3.42,0.36,9.1,7
6.0,0.16,0.37,1.5,25,43.0,117.0,0.9928,3.46,0.51,9.7,6
6.9,0.24,0.4,15.4,52,81.0,198.0,0.9986,3.2,0.69,9.4,5
8.7,0.24,0.35,0.6,42,11.0,71.0,0.9926,3.08,0.38,10.6,5
7.2,0.23,0.32,8.5,58,47.0,186.0,0.9956,3.19,0.4,9.9,6
7.0,0.47,0.07,1.1,35,17.0,151.0,991,3.02,0.34,10.5,5
7.4,0.27,0.52,15.7,54,36.0,139.0,0.99788,3.04,0.62,10.0333333333333,6
7.3,0.25,0.36,2.1,34,30.0,177.0,0.99085,3.25,0.4,11.9,8
7.6,0.48,0.33,7.0,24,14.0,130.0,0.9918,3.25,0.45,12.5,7
6.2,0.25,0.44,15.8,57,39.0,167.0,0.99804,3.14,0.51,9.2,5
7.3,0.19,0.27,13.9,57,45.0,155.0,0.99807,2.94,0.41,8.8,8
5.7,0.28,0.28,2.2,19,15.0,65.0,0.9902,3.06,0.52,11.2,6
8.3,0.2,0.35,0.9,0.05,12.0,74.0,992,3.13,0.38,10.5,6
5.8,0.54,0.0,1.4,33,40.0,107.0,0.98918,3.26,0.35,12.4,5
6.3,0.13,0.42,1.1,43,63.0,146.0,0.99066,3.13,0.72,11.2,7
6.5,0.22,0.29,7.4,28,16.0,87.0,0.99311,3.15,0.56,10.9,7
6.8,0.17,0.17,5.1,49,26.0,82.0,993,3.0,0.38,9.8,6
6.8,0.28,0.44,9.3,31,35.0,137.0,0.9946,3.16,0.36,10.4,6
7.0,0.2,0.4,1.1,58,30.0,93.0,0.99322,3.03,0.38,9.2,6
7.6,0.52,0.49,14.0,34,37.0,156.0,0.9958,3.14,0.38,11.8,7
6.1,0.41,0.2,12.6,32,54.0,136.0,0.99516,2.91,0.43,10.6,6
5.3,0.24,0.33,1.3,33,25.0,97.0,0.9906,3.59,0.38,11.0,8
8.1,0.29,0.49,7.1,42,22.0,124.0,0.9944,3.14,0.41,10.8,6
6.3,0.24,0.29,13.7,35,53.0,134.0,0.99567,3.17,0.38,10.6,6
6.3,0.28,0.24,8.45,31,32.0,172.0,0.9958,3.39,0.57,9.7,7
5.1,165,0.22,5.7,47,42.0,146.0,0.9934,3.18,0.55,9.9,6
8.1,0.17,0.21,1.6,36,24.0,119.0,0.99396,3.18,0.52,10.1,6
7.6,0.26,0.47,1.6,68,5.0,55.0,0.9944,3.1,0.45,9.6,5
6.3,0.2,0.37,11.8,45,58.0,130.0,0.99519,3.2,0.35,10.8,5
6.0,0.29,0.21,1.3,55,42.0,168.0,0.9914,3.32,0.43,11.1,6
7.3,0.3,0.22,6.4,56,44.0,168.0,0.9947,3.13,0.35,10.1,6
6.7,0.44,0.22,4.3,32,19.0,99.0,0.99015,3.26,0.53,12.8,7
5.9,0.54,0.0,0.8,32,12.0,82.0,0.99286,3.25,0.36,8.8,5
6.8,0.27,0.22,8.1,34,55.0,203.0,0.9961,3.19,0.52,8.9,5
7.6,0.22,0.34,9.7,35,26.0,143.0,0.9965,3.08,0.49,9.8,6
5.0,0.27,0.4,1.2,76,42.0,124.0,0.99204,3.32,0.47,10.1,6
6.5,0.21,0.51,17.6,45,34.0,125.0,0.99966,3.2,0.47,8.8,6
8.5,0.16,0.33,1.0,76,17.0,57.0,0.9921,3.14,0.46,10.6,6
6.2,0.2,0.29,11.8,35,21.0,93.0,0.99364,3.18,0.34,11.9,6
7.9,0.35,0.36,1.6,38,11.0,124.0,0.9928,3.25,0.48,11.0,5
6.3,0.39,0.35,5.9,0.04,82.5,260.0,0.9941,3.12,0.66,10.1,5
5.6,0.19,0.46,1.1,32,33.0,115.0,0.9909,3.36,0.5,10.4,6
7.5,0.32,0.37,1.2,48,22.0,184.0,0.9938,3.09,0.43,9.3,5
6.5,0.2,0.24,9.2,44,25.0,150.0,0.99502,3.22,0.44,10.5,5
5.3,0.16,0.39,1.0,28,40.0,101.0,0.99156,3.57,0.59,10.6,6
7.0,0.21,0.28,8.7,45,37.0,222.0,0.9954,3.25,0.54,10.4,6
5.6,0.12,0.33,2.9,44,21.0,73.0,0.98896,3.17,0.32,12.9,8
6.2,0.12,0.26,5.7,44,56.0,158.0,0.9951,3.52,0.37,10.5,6
7.1,0.25,0.49,3.0,0.03,30.0,96.0,0.9903,3.13,0.39,12.3,7
8.6,0.18,0.4,1.1,0.04,20.0,107.0,0.9923,2.94,0.32,10.2,7
6.2,0.19,0.38,5.1,19,22.0,82.0,0.98961,3.05,0.36,12.5,6
7.7,0.38,0.4,2.0,38,28.0,152.0,0.9906,3.18,0.32,12.9,6
5.7,0.15,0.47,11.4,35,49.0,128.0,0.99456,3.03,0.34,10.5,8
6.4,0.28,0.45,8.6,57,47.0,223.0,0.99654,3.16,0.51,9.1,5
7.3,0.22,0.41,15.4,0.05,55.0,191.0,1.0,3.32,0.59,8.9,6
7.9,0.28,0.32,3.6,38,9.0,76.0,992,3.05,0.31,11.7,4
6.6,0.17,0.35,2.6,0.03,33.0,78.0,0.99146,3.22,0.72,11.3,6
6.8,0.15,0.41,12.9,44,79.5,183.0,0.99742,3.24,0.78,10.2,6
5.7,0.25,0.26,12.5,49,52.5,120.0,0.99691,3.08,0.45,9.4,6
5.7,0.22,0.2,16.0,44,41.0,113.0,0.99862,3.22,0.46,8.9,6
7.9,0.17,0.32,1.6,53,47.0,150.0,0.9948,3.29,0.76,9.6,6
7.4,0.64,0.47,14.15,168,42.0,185.0,0.9984,2.9,0.49,9.3,5
6.6,0.25,0.39,1.45,0.04,40.0,89.0,0.9911,3.35,0.4,11.4,7
6.9,0.32,0.15,8.1,46,51.0,180.0,0.9958,3.13,0.45,8.9,5
7.5,0.42,0.45,9.1,29,20.0,125.0,996,3.12,0.36,10.1,6
5.6,0.32,0.33,7.4,37,25.0,95.0,0.99268,3.25,0.49,11.1,6
6.5,0.29,0.25,10.6,39,32.0,120.0,0.9962,3.31,0.34,10.1,6
6.6,0.16,0.3,1.6,34,15.0,78.0,992,3.38,0.44,11.2,6
6.2,0.16,0.54,1.4,126,37.0,110.0,0.9932,3.23,0.37,8.9,6
6.6,0.41,0.27,10.7,0.11,20.0,103.0,0.99672,3.08,0.41,9.0,6
6.5,0.19,0.34,1.6,29,39.0,116.0,0.98954,3.21,0.68,12.5,6
5.4,205,0.16,12.55,51,31.0,115.0,0.99564,3.4,0.38,10.8,6
7.8,0.28,0.25,3.4,24,27.0,99.0,0.98959,2.98,0.37,13.0,6
5.7,0.33,0.32,1.4,43,28.0,93.0,0.9897,3.31,0.5,12.3,6
6.5,0.26,0.39,1.4,0.02,12.0,66.0,0.99089,3.25,0.75,11.3,7
9.4,0.23,0.56,16.45,63,52.5,282.0,1.00098,3.1,0.51,9.3,5
6.1,0.27,0.44,6.7,41,61.0,230.0,0.99505,3.12,0.4,8.9,5
6.9,0.38,0.38,13.1,112,14.0,94.0,0.99792,3.02,0.48,9.2,5
6.4,0.33,0.28,1.1,38,30.0,110.0,0.9917,3.12,0.42,10.5,6
7.3,0.41,0.24,6.8,57,41.0,163.0,0.9949,3.2,0.41,9.9,6
6.2,0.2,0.26,9.7,0.03,39.0,102.0,0.9908,3.08,0.56,12.9,7
7.3,0.2,0.44,1.4,45,21.0,98.0,0.9924,3.15,0.46,10.0,7
7.1,0.26,0.32,14.45,74,29.0,107.0,998,2.96,0.42,9.2,6
6.7,0.36,0.28,8.3,34,29.0,81.0,0.99151,2.96,0.39,12.5,6
6.6,0.35,0.29,14.4,44,54.0,177.0,0.9991,3.17,0.58,8.9,6
5.6,0.35,0.14,5.0,46,48.0,198.0,0.9937,3.3,0.71,10.3,5
6.2,0.3,0.26,13.4,46,57.0,206.0,0.99775,3.17,0.43,9.5,6
6.5,0.29,0.26,7.0,0.04,18.0,113.0,0.99366,3.17,0.38,10.2,6
8.0,0.2,0.44,1.0,57,24.0,111.0,0.99158,3.09,0.32,11.2,6
7.4,0.19,0.31,14.5,45,39.0,193.0,0.9986,3.1,0.5,9.2,6
6.5,0.46,0.31,5.0,27,15.0,72.0,0.99165,3.26,0.6,11.5,7
6.7,0.33,0.42,6.4,58,27.0,151.0,0.9954,3.16,0.44,9.6,5
7.2,0.23,0.38,14.3,58,55.0,194.0,0.9979,3.09,0.44,9.0,6
6.8,0.21,0.27,18.15,42,41.0,146.0,1.0001,3.3,0.36,8.7,5
5.9,0.37,0.3,1.5,33,35.0,95.0,0.98986,3.36,0.56,12.0,7
6.8,0.23,0.29,12.2,35,38.0,236.0,0.9976,3.35,0.52,9.8,6
6.3,0.15,0.3,1.4,22,38.0,100.0,0.99099,3.42,0.57,11.4,7
8.2,0.32,0.26,2.1,62,26.0,87.0,0.98974,3.1,0.47,12.8,6
6.9,0.24,0.23,7.1,41,20.0,97.0,0.99246,3.1,0.85,11.4,6
8.0,0.23,0.41,1.1,48,35.0,150.0,0.99168,3.09,0.47,11.2,5
7.0,0.27,0.36,20.7,45,45.0,170.0,1001,3.0,0.45,8.8,6
5.9,0.12,0.27,4.8,0.03,40.0,110.0,0.99226,3.55,0.68,12.1,6
8.3,0.18,0.3,1.1,33,20.0,57.0,0.99109,3.02,0.51,11.0,6
8.0,0.22,0.31,5.6,49,24.0,97.0,993,3.1,0.42,10.9,5
6.0,615,0.04,0.8,32,8.0,50.0,0.99036,3.14,0.4,11.0,4
7.4,0.21,0.8,12.3,38,77.0,183.0,0.99778,2.95,0.48,9.0,5
7.4,0.21,0.27,7.3,31,41.0,144.0,0.9932,3.15,0.38,11.8,7
8.2,0.37,0.36,1.0,34,17.0,93.0,0.9906,3.04,0.32,11.7,8
6.3,0.25,0.27,6.6,54,40.0,158.0,0.99378,3.2,0.48,10.3,5
5.9,0.18,0.28,1.0,37,24.0,88.0,0.99094,3.29,0.55,10.65,7
7.0,0.22,0.28,10.6,39,32.0,117.0,0.99355,3.05,0.55,11.5,7
7.3,0.36,0.62,7.1,33,48.0,185.0,0.99472,3.14,0.62,10.6,6
6.7,0.17,0.5,2.1,43,27.0,122.0,0.9923,3.15,0.45,10.3,6
6.8,0.34,0.69,1.3,58,12.0,171.0,0.9931,3.06,0.47,9.7,5
6.3,0.32,0.32,1.5,37,12.0,76.0,0.98993,3.3,0.46,12.3,6
6.6,0.22,0.53,15.1,52,22.0,136.0,0.9986,2.94,0.35,9.4,5
6.8,0.16,0.18,1.8,46,31.0,114.0,0.99226,3.27,0.55,10.8,6
7.5,0.18,0.31,11.7,51,24.0,94.0,997,3.19,0.44,9.5,7
6.3,0.21,0.29,11.7,48,49.0,147.0,0.99482,3.22,0.38,10.8,5
7.7,0.25,0.49,2.5,47,31.0,169.0,0.99252,3.07,0.57,10.6,6
6.7,0.35,0.48,8.8,56,35.0,167.0,0.99628,3.04,0.47,9.4,5
6.6,0.21,0.39,2.3,41,31.0,102.0,0.99221,3.22,0.58,10.9,7
6.4,0.21,0.5,11.6,42,45.0,153.0,0.9972,3.15,0.43,8.8,5
7.7,0.44,0.24,11.2,31,41.0,167.0,0.9948,3.12,0.43,11.3,7
6.9,0.22,0.31,6.3,29,41.0,131.0,0.99326,3.08,0.49,10.8,6
6.6,435,0.38,9.2,58,66.0,243.0,0.99833,3.23,0.54,9.1,6
7.2,0.36,0.36,5.7,38,26.0,98.0,0.9914,2.93,0.59,12.5,7
6.7,0.27,0.12,1.3,41,62.0,138.0,0.9921,3.21,0.42,10.0,6
5.6,0.35,0.4,6.3,22,23.0,174.0,0.9922,3.54,0.5,11.6,7
5.4,0.45,0.27,6.4,33,20.0,102.0,0.98944,3.22,0.27,13.4,8
6.3,0.2,0.18,10.6,45,57.0,159.0,0.99666,3.09,0.54,9.2,5
6.4,0.38,0.24,7.2,47,41.0,151.0,0.99604,3.11,0.6,9.2,5
5.1,0.35,0.26,6.8,34,36.0,120.0,0.99188,3.38,0.4,11.5,6
6.6,0.33,0.32,15.6,54,62.0,227.0,0.99734,3.25,0.56,10.4,5
6.2,0.26,0.2,8.0,47,35.0,111.0,0.99445,3.11,0.42,10.4,6
6.6,0.24,0.24,8.6,34,25.0,135.0,0.99582,3.33,0.59,10.3,6
6.8,0.35,0.32,2.4,48,35.0,103.0,0.9911,3.28,0.46,12.0,8
5.9,0.28,0.14,8.6,32,30.0,142.0,0.99542,3.28,0.44,9.5,6
5.8,0.36,0.26,3.3,38,40.0,153.0,0.9911,3.34,0.55,11.3,6
6.8,0.21,0.31,2.9,46,40.0,121.0,0.9913,3.07,0.65,10.9,7
6.4,0.25,0.28,4.9,0.03,29.0,98.0,0.99024,3.09,0.58,12.8,7
7.4,0.3,0.49,8.2,55,49.0,188.0,0.9974,3.52,0.58,9.7,6
6.4,0.23,0.3,7.1,37,63.0,236.0,0.9952,3.06,0.34,9.2,6
7.2,0.33,0.28,1.4,34,26.0,109.0,0.99246,3.28,0.57,10.6,6
6.3,0.12,0.36,2.1,44,47.0,146.0,0.9914,3.27,0.74,11.4,7
7.7,0.24,0.29,15.3,44,39.0,194.0,0.9982,3.06,0.47,9.6,7
6.4,0.16,0.22,1.4,0.04,41.0,149.0,0.9933,3.49,0.58,10.0,6
6.0,0.33,0.2,1.8,31,49.0,159.0,0.9919,3.41,0.53,11.0,6
7.1,0.39,0.3,9.9,37,29.0,124.0,0.99414,3.07,0.42,10.9,6
7.1,0.47,0.24,6.0,44,11.0,77.0,0.9956,3.21,0.56,9.7,5
7.1,0.18,0.26,1.3,41,20.0,71.0,0.9926,3.04,0.74,9.9,6
7.2,0.18,0.41,1.2,48,41.0,97.0,0.9919,3.14,0.45,10.4,5
7.4,0.16,0.31,6.85,59,31.0,131.0,0.9952,3.29,0.34,9.7,5
6.2,0.3,0.49,11.2,58,68.0,215.0,0.99656,3.19,0.6,9.4,6
7.3,0.18,0.65,1.4,46,28.0,157.0,0.9946,3.33,0.62,9.4,6
7.1,0.27,0.27,10.4,41,26.0,114.0,0.99335,3.04,0.52,11.5,7
7.2,0.24,0.29,2.2,37,37.0,102.0,992,3.27,0.64,11.0,7
7.3,0.24,0.3,2.5,42,31.0,104.0,0.9911,3.05,0.56,11.3,7
6.9,0.19,0.35,13.5,38,49.0,118.0,0.99546,3.0,0.63,10.7,6
7.3,0.14,0.49,1.1,38,28.0,99.0,0.9928,3.2,0.72,10.6,6
7.9,0.26,0.33,10.3,39,73.0,212.0,0.9969,2.93,0.49,9.5,6
8.1,0.5,0.47,1.1,37,23.0,126.0,0.9938,3.21,0.42,10.9,5
8.2,345,1.0,18.2,47,55.0,205.0,0.99965,2.96,0.43,9.6,5
6.3,0.27,0.25,5.8,38,52.0,155.0,995,3.28,0.38,9.4,6
7.1,0.18,0.39,14.5,51,48.0,156.0,0.99947,3.35,0.78,9.1,5
6.8,0.26,0.24,7.8,52,54.0,214.0,0.9961,3.13,0.47,8.9,5
6.6,0.38,0.36,9.2,61,42.0,214.0,0.9976,3.31,0.56,9.4,5
7.9,0.22,0.38,8.0,43,46.0,152.0,0.9934,3.12,0.32,11.5,7
6.9,615,0.42,12.0,67,24.0,131.0,0.99727,3.19,0.34,9.3,5
6.4,0.33,0.31,5.5,48,42.0,173.0,0.9951,3.19,0.66,9.3,6
6.9,0.54,0.26,12.7,49,59.0,195.0,0.99596,3.26,0.54,10.5,6
7.6,0.3,0.22,10.2,49,57.0,191.0,0.9966,3.08,0.4,9.3,6
6.4,0.3,0.27,5.0,58,27.0,151.0,0.99198,3.22,0.49,12.2,6
6.9,0.31,0.32,1.2,24,20.0,166.0,0.99208,3.05,0.54,9.8,6
6.3,0.35,0.3,5.7,35,8.0,97.0,0.9927,3.27,0.41,11.0,7
6.1,0.55,0.15,9.8,31,19.0,125.0,0.9957,3.36,0.47,10.2,6
7.0,0.25,0.45,2.3,45,40.0,118.0,0.99064,3.16,0.48,11.9,7
6.9,0.3,0.36,0.9,37,40.0,156.0,0.98968,3.08,0.36,12.1,6
9.2,0.18,0.49,1.5,41,39.0,130.0,0.9945,3.04,0.49,9.8,7
5.5,0.16,0.22,4.5,0.03,30.0,102.0,0.9938,3.24,0.36,9.4,6
7.0,0.44,0.24,12.1,56,68.0,210.0,0.99718,3.05,0.5,9.5,5
5.7,0.22,0.2,16.0,44,41.0,113.0,0.99862,3.22,0.46,8.9,6
6.2,0.23,0.35,0.7,51,24.0,111.0,0.9916,3.37,0.43,11.0,3
6.8,0.22,0.35,5.5,43,21.0,114.0,0.9938,3.3,0.53,10.7,7
7.4,0.19,0.49,6.7,37,15.0,110.0,0.9938,3.2,0.38,11.0,7
8.1,0.24,0.26,11.0,43,41.0,211.0,0.99676,3.11,0.49,10.0,6
7.0,0.14,0.28,1.3,26,10.0,56.0,0.99352,3.46,0.45,9.9,5
7.8,0.2,0.24,1.6,26,26.0,189.0,991,3.08,0.74,12.1,7
7.0,0.2,0.38,8.1,0.05,42.0,173.0,0.99585,3.3,0.54,9.8,6
7.4,0.21,0.3,8.1,47,13.0,114.0,0.9941,3.12,0.35,10.5,6
6.2,0.76,0.01,3.2,41,18.0,120.0,0.99026,3.2,0.94,13.7,7
8.5,0.25,0.27,4.7,31,31.0,92.0,0.9922,3.01,0.33,12.0,6
7.9,0.33,0.28,31.6,53,35.0,176.0,1.0103,3.15,0.38,8.8,6
5.9,0.32,0.19,14.5,42,37.0,115.0,0.99684,3.16,0.43,10.3,5
6.9,0.13,0.28,13.3,0.05,47.0,132.0,0.99655,3.34,0.42,10.1,6
6.5,0.26,0.5,8.0,51,46.0,197.0,0.99536,3.18,0.47,9.5,5
7.0,0.4,0.25,1.8,0.05,51.0,189.0,0.99174,3.0,0.55,11.4,6
7.1,0.26,0.34,14.4,67,35.0,189.0,0.9986,3.07,0.53,9.1,7
5.9,0.22,0.18,6.4,41,28.0,120.0,0.99403,3.27,0.5,9.9,5
6.5,0.35,0.38,7.4,36,20.0,196.0,0.99712,3.47,0.48,9.1,6
5.0,0.24,0.19,5.0,43,17.0,101.0,0.99438,3.67,0.57,10.0,5
7.9,0.64,0.46,10.6,244,33.0,227.0,0.9983,2.87,0.74,9.1,3
8.8,0.28,0.45,6.0,22,14.0,49.0,0.9934,3.01,0.33,11.1,7
8.1,0.46,0.31,1.7,52,50.0,183.0,0.9923,3.03,0.42,11.2,5
6.7,0.37,0.25,2.5,28,24.0,84.0,0.9909,3.14,0.36,11.7,6
6.4,0.29,0.18,15.0,0.04,21.0,116.0,0.99736,3.14,0.5,9.2,5
6.7,0.41,0.24,5.4,35,33.0,115.0,0.9901,3.12,0.44,12.8933333333333,7
6.8,0.25,0.27,10.7,76,47.0,154.0,0.9967,3.05,0.38,9.0,5
7.2,0.2,0.61,16.2,43,14.0,103.0,0.9987,3.06,0.36,9.2,6
6.6,0.36,0.28,6.1,29,12.0,93.0,0.99054,3.19,0.27,12.8,7
5.6,0.21,0.4,1.3,41,81.0,147.0,0.9901,3.22,0.95,11.6,8
6.5,0.32,0.12,11.5,33,35.0,165.0,0.9974,3.22,0.32,9.0,5
7.0,0.31,0.35,1.6,63,13.0,119.0,0.99184,3.22,0.5,10.7,5
6.4,0.24,0.28,11.5,0.05,34.0,163.0,0.9969,3.31,0.45,9.5,5
6.5,0.28,0.34,3.6,0.04,29.0,121.0,0.99111,3.28,0.48,12.1,7
6.9,0.3,0.36,4.5,54,31.0,203.0,0.99513,3.4,0.57,10.4,4
6.6,0.31,0.28,1.4,35,28.0,107.0,0.98836,3.0,0.4,13.2,6
7.4,0.25,0.28,7.25,28,14.0,78.0,0.99238,2.94,0.37,11.5,7
7.9,0.18,0.49,5.2,51,36.0,157.0,0.9953,3.18,0.48,10.6,6
6.4,0.27,0.49,7.3,46,53.0,206.0,0.9956,3.24,0.43,9.2,6
6.0,0.22,0.33,12.2,33,25.0,97.0,0.99356,3.17,0.42,11.3,7
7.3,0.36,0.34,14.8,57,46.0,173.0,0.99751,3.14,0.57,10.2,5
6.8,0.27,0.32,1.5,44,19.0,142.0,0.9921,3.1,0.43,9.9,6
8.6,0.33,0.34,11.8,59,42.0,240.0,0.99882,3.17,0.52,10.0,6
5.8,0.32,0.28,4.3,32,46.0,115.0,0.98946,3.16,0.57,13.0,8
6.7,0.15,0.32,7.9,34,17.0,81.0,0.99512,3.29,0.31,10.0,6
6.9,0.28,0.37,9.1,37,16.0,76.0,0.9948,3.05,0.54,11.1,5
6.6,0.32,0.33,2.5,52,40.0,219.5,0.99316,3.15,0.6,10.0,5
7.5,0.34,0.35,6.0,34,12.0,126.0,0.9924,3.16,0.39,12.0,7
8.0,0.14,0.49,1.5,35,42.0,120.0,0.9928,3.26,0.4,10.6,7
6.2,0.22,0.3,12.4,54,108.0,152.0,0.99728,3.1,0.47,9.5,6
8.1,0.27,0.41,1.45,33,11.0,63.0,0.9908,2.99,0.56,12.0,5
7.0,0.23,0.36,13.0,51,72.0,177.0,0.9972,3.16,0.49,9.8,5
6.7,0.22,0.33,1.2,36,36.0,86.0,0.99058,3.1,0.76,11.4,6
8.0,0.33,0.35,10.0,35,22.0,108.0,0.99457,3.12,0.36,11.6,6
7.1,0.38,0.42,11.8,41,32.0,193.0,0.99624,3.04,0.49,10.0,6
6.3,0.29,0.29,3.3,37,32.0,140.0,0.9895,3.17,0.36,12.8,7
6.4,0.23,0.35,10.3,42,54.0,140.0,0.9967,3.23,0.47,9.2,5
6.4,0.32,0.31,1.9,37,34.0,126.0,0.99,3.06,0.45,11.8,6
6.3,0.41,0.22,7.3,35,23.0,117.0,0.99172,3.2,0.39,11.94,7
6.8,0.18,0.38,1.4,38,35.0,111.0,0.9918,3.32,0.59,11.2,7
7.6,0.32,0.25,9.5,0.03,15.0,136.0,0.99367,3.1,0.44,12.1,6
7.8,445,0.56,1.0,0.04,8.0,84.0,0.9938,3.25,0.43,10.8,5
6.5,0.29,0.53,1.7,0.04,41.0,192.0,0.9922,3.26,0.59,10.4,7
6.9,0.28,0.37,9.1,37,16.0,76.0,0.9948,3.05,0.54,11.1,5
7.2,0.17,0.37,6.9,59,47.0,128.0,0.99322,3.08,0.46,11.0,7
6.9,0.24,0.49,1.3,32,35.0,148.0,0.9932,3.45,0.57,10.7,7
7.0,0.29,0.49,3.8,47,37.0,136.0,0.9938,2.95,0.4,9.4,6
7.8,0.19,0.32,7.4,15,47.0,124.0,0.99278,2.99,0.39,11.0,6
6.5,0.25,0.45,7.8,48,52.0,188.0,0.99576,3.2,0.53,9.1,5
6.7,0.18,0.3,6.4,48,40.0,251.0,0.9956,3.29,0.52,10.0,5
7.2,0.36,0.36,5.7,38,26.0,98.0,0.9914,2.93,0.59,12.5,7
8.2,0.22,0.49,9.6,37,53.0,154.0,0.9951,3.02,0.33,10.6,6
7.2,0.47,0.65,8.3,83,27.0,182.0,0.9964,3.0,0.35,9.2,5
6.4,0.32,0.25,5.0,55,28.0,138.0,0.99171,3.27,0.5,12.4,8
6.8,0.25,0.18,1.4,56,13.0,137.0,0.9935,3.11,0.42,9.5,5
6.6,0.2,0.27,10.9,38,29.0,130.0,0.99496,3.11,0.44,10.5,7
9.8,0.93,0.45,8.6,52,34.0,187.0,0.9994,3.12,0.59,10.2,4
7.8,0.22,0.38,10.3,59,28.0,99.0,0.9967,3.12,0.47,10.0,6
6.5,0.36,0.31,13.55,53,20.0,113.0,0.99544,3.2,0.56,11.0,6
6.2,355,0.35,2.0,46,31.0,95.0,0.98822,3.06,0.46,13.6,6
6.8,0.64,0.08,9.7,62,26.0,142.0,0.9972,3.37,0.46,8.9,4
6.6,0.27,0.52,8.1,44,53.0,202.0,0.99548,3.18,0.48,9.5,5
6.4,0.18,0.32,9.6,52,24.0,90.0,0.9963,3.35,0.49,9.4,6
6.8,0.28,0.29,11.9,52,51.0,149.0,0.99544,3.02,0.58,10.4,6
8.3,0.14,0.26,1.5,49,56.0,189.0,0.9946,3.21,0.62,9.5,6
7.4,0.27,0.49,1.1,37,33.0,156.0,992,3.15,0.54,11.1,6
6.2,0.16,0.33,1.1,57,21.0,82.0,991,3.32,0.46,10.9,7
5.9,0.27,0.29,11.4,36,31.0,115.0,0.9949,3.35,0.48,10.5,8
6.3,0.25,0.23,14.9,39,47.0,142.0,0.99705,3.14,0.35,9.7,6
8.4,0.28,0.4,8.9,48,33.0,146.0,0.9988,3.4,0.46,9.3,5
6.6,0.27,0.33,1.4,42,24.0,183.0,0.99215,3.29,0.46,10.7,5
6.9,0.28,0.24,2.1,34,49.0,121.0,0.98882,2.98,0.43,13.2,7
6.4,0.19,0.42,2.9,32,32.0,83.0,0.9908,3.3,0.41,11.7,6
6.6,0.26,0.46,6.9,47,59.0,183.0,0.99594,3.2,0.45,9.3,5
7.2,0.39,0.62,11.0,47,66.0,178.0,0.9976,3.16,0.5,8.7,5
6.2,0.25,0.47,11.6,48,62.0,210.0,0.9968,3.19,0.5,9.5,5
5.9,0.37,0.32,1.6,29,41.0,102.0,0.98916,3.41,0.55,12.7,7
8.0,0.25,0.35,1.1,54,13.0,136.0,0.99366,3.08,0.55,9.5,5
6.7,0.19,0.41,15.6,56,75.0,155.0,0.9995,3.2,0.44,8.8,6
6.9,0.35,0.55,11.95,38,22.0,111.0,0.99687,3.11,0.29,9.7,5
8.6,0.16,0.38,3.4,0.04,41.0,143.0,0.9932,2.95,0.39,10.2,6
6.4,0.4,0.25,4.2,32,15.0,91.0,0.98988,3.26,0.52,13.1,6
6.9,0.25,0.24,3.6,57,13.0,85.0,0.9942,2.99,0.48,9.5,4
6.2,0.21,0.27,1.7,38,41.0,150.0,0.9933,3.49,0.71,10.5,7
8.1,0.22,0.43,1.5,44,28.0,129.0,0.9938,3.22,0.45,11.0,6
6.9,0.4,0.42,6.2,66,41.0,176.0,0.99552,3.12,0.54,9.4,5
7.9,0.18,0.33,1.2,33,20.0,72.0,0.9922,3.12,0.38,10.5,7
7.6,0.38,0.28,4.2,29,7.0,112.0,0.9906,3.0,0.41,12.6,6
7.2,0.23,0.39,1.5,53,26.0,106.0,0.99166,3.18,0.47,11.1,6
7.3,0.32,0.25,7.2,56,47.0,180.0,0.9961,3.08,0.47,8.8,5
7.2,615,0.1,1.4,68,25.0,154.0,0.99499,3.2,0.48,9.7,4
6.9,0.4,0.43,6.2,65,42.0,178.0,0.99552,3.11,0.53,9.4,5
6.9,0.24,0.36,20.8,31,40.0,139.0,0.9975,3.2,0.33,11.0,6
6.5,0.24,0.29,8.2,43,32.0,156.0,0.99453,3.13,0.7,10.1,6
6.6,0.31,0.38,16.05,58,16.0,165.0,0.9997,3.38,0.6,9.2,5
7.3,205,0.31,1.7,0.06,34.0,110.0,0.9963,3.72,0.69,10.5,6
7.7,0.28,0.35,15.3,56,31.0,117.0,0.9998,3.27,0.5,9.6,5
7.1,0.45,0.24,2.7,0.04,24.0,87.0,0.98862,2.94,0.38,13.4,8
7.5,0.35,0.48,12.4,56,61.0,176.5,0.99803,2.97,0.52,8.8,5
5.7,0.21,0.25,1.1,35,26.0,81.0,0.9902,3.31,0.52,11.4,6
6.5,0.36,0.31,4.1,61,20.0,134.0,0.99475,3.18,0.45,9.0,6
5.7,0.44,0.13,7.0,25,28.0,173.0,0.9913,3.33,0.48,12.5,6
7.6,0.27,0.42,2.6,44,29.0,110.0,0.9912,3.31,0.51,12.7,6
7.4,0.24,0.36,2.0,31,27.0,139.0,0.99055,3.28,0.48,12.5,9
6.8,0.52,0.26,5.7,38,27.0,130.0,0.99,3.11,0.27,13.0,7
7.0,0.32,0.35,1.5,39,24.0,125.0,0.9918,3.17,0.64,12.2,6
8.5,0.18,0.3,1.1,28,34.0,95.0,0.99272,2.83,0.36,10.0,4
6.2,0.21,0.28,5.7,28,45.0,121.0,0.99168,3.21,1.08,12.15,7
6.8,0.25,0.24,1.6,45,39.0,164.0,0.99402,3.53,0.58,10.8,5
6.3,0.37,0.37,1.5,24,12.0,76.0,0.98876,2.94,0.39,12.3,6
5.7,0.31,0.28,4.1,0.03,22.0,86.0,0.99062,3.31,0.38,11.7,7
6.5,0.25,0.5,7.6,47,54.0,184.0,0.99572,3.17,0.45,9.2,5
7.6,0.31,0.23,12.7,54,20.0,139.0,0.99836,3.16,0.5,9.7,4
6.5,0.35,0.31,10.2,69,58.0,170.0,0.99692,3.18,0.49,9.4,5
6.0,0.26,0.24,1.3,53,66.0,150.0,0.9924,3.21,0.62,10.4,6
6.9,0.14,0.38,1.0,41,22.0,81.0,0.99043,3.03,0.54,11.4,6
7.8,0.17,0.23,1.7,29,39.0,128.0,0.99272,3.37,0.41,10.7,7
7.3,0.2,0.29,19.5,39,69.0,237.0,1.00037,3.1,0.48,9.2,6
7.3,0.28,0.42,14.4,0.04,49.0,173.0,0.9994,3.28,0.82,9.0,7
6.3,0.33,0.2,17.9,66,36.0,161.0,0.9991,3.14,0.51,8.8,5
7.2,0.29,0.2,7.7,46,51.0,174.0,0.99582,3.16,0.52,9.5,5
7.4,0.41,0.66,10.8,51,77.0,194.0,0.9976,3.05,0.46,8.7,5
5.5,0.62,0.33,1.7,37,24.0,118.0,0.98758,3.15,0.39,13.55,6
6.2,0.1,0.41,1.0,0.04,17.0,76.0,0.98988,3.14,0.56,11.4,7
6.2,0.18,0.38,1.5,28,36.0,117.0,993,3.47,0.54,9.7,6
7.1,0.17,0.43,1.3,23,33.0,132.0,0.99067,3.11,0.56,11.7,6
6.0,0.28,0.24,17.8,47,42.0,111.0,0.99896,3.1,0.45,8.9,6
4.8,0.29,0.23,1.1,44,38.0,180.0,0.98924,3.28,0.34,11.9,6
7.0,0.25,0.56,2.0,35,20.0,95.0,0.9918,3.23,0.53,11.0,6
5.7,0.21,0.25,1.1,35,26.0,81.0,0.9902,3.31,0.52,11.4,6
6.4,0.27,0.45,8.3,0.05,52.0,196.0,0.9955,3.18,0.48,9.5,5
6.8,0.24,0.37,7.45,43,59.0,188.0,0.99579,3.2,0.5,9.4,6
6.2,0.15,0.49,0.9,33,17.0,51.0,0.9932,3.3,0.7,9.4,6
6.4,0.5,0.2,2.4,59,19.0,112.0,0.99314,3.18,0.4,9.2,6
6.1,0.22,0.25,12.1,35,54.0,135.0,0.99481,3.21,0.4,10.7,5
7.9,0.44,0.26,4.45,33,23.0,100.0,0.99117,3.17,0.52,12.7,6
6.9,0.3,0.21,7.2,45,54.0,190.0,0.99595,3.22,0.48,9.4,5
6.9,0.32,0.26,8.3,53,32.0,180.0,0.9965,3.25,0.51,9.2,6
7.3,0.3,0.42,7.35,25,51.0,175.0,0.9928,3.04,0.32,11.4,6
7.1,0.23,0.39,1.6,32,12.0,65.0,0.9898,3.25,0.4,12.7,7
6.8,0.24,0.31,18.3,46,40.0,142.0,1.0,3.3,0.41,8.7,5
6.0,0.23,0.34,1.3,25,23.0,111.0,0.98961,3.36,0.37,12.7,6
6.4,0.25,0.57,1.0,62,21.0,122.0,0.99238,3.0,0.4,9.5,5
6.8,0.26,0.43,11.75,45,53.0,198.0,0.9969,3.26,0.55,9.5,5
6.5,0.33,0.38,2.5,47,30.0,148.0,0.98964,3.17,0.43,12.7,6
7.0,0.17,0.36,6.4,55,42.0,123.0,0.99318,3.11,0.5,11.0,8
6.8,0.22,0.36,1.2,52,38.0,127.0,0.9933,3.04,0.54,9.2,5
7.2,0.23,0.39,2.3,33,29.0,102.0,0.9908,3.26,0.54,12.3,7
7.3,0.23,0.37,1.8,32,60.0,156.0,992,3.11,0.35,11.1,6
6.1,0.38,0.47,1.4,51,59.0,210.0,0.99309,3.24,0.5,9.6,5
7.8,0.28,0.49,1.3,46,27.0,142.0,0.9936,3.09,0.59,10.2,5
5.2,185,0.22,1.0,0.03,47.0,123.0,0.99218,3.55,0.44,10.15,6
6.1,0.25,0.48,15.8,52,25.0,94.0,0.99782,3.07,0.45,9.2,6
7.2,0.27,0.74,12.5,37,47.0,156.0,0.9981,3.04,0.44,8.7,5
7.3,0.27,0.37,9.7,42,36.0,130.0,0.9979,3.48,0.75,9.9,6
5.2,155,0.33,1.6,28,13.0,59.0,0.98975,3.3,0.84,11.9,8
6.0,0.18,0.31,1.4,36,14.0,75.0,0.99085,3.34,0.58,11.1,8
7.5,0.33,0.32,11.1,36,25.0,119.0,0.9962,3.15,0.34,10.5,6
7.6,0.31,0.29,10.5,0.04,21.0,145.0,0.9966,3.04,0.35,9.4,5
6.9,0.45,0.27,4.7,35,17.0,80.0,0.99058,3.12,0.36,12.5,7
5.8,0.2,0.24,1.4,33,65.0,169.0,0.99043,3.59,0.56,12.3,7
6.4,0.24,0.26,8.2,54,47.0,182.0,0.99538,3.12,0.5,9.5,5
6.9,0.28,0.3,8.3,26,37.0,113.0,0.99139,2.99,0.38,12.3,8
6.7,0.22,0.37,1.6,28,24.0,102.0,0.9913,3.29,0.59,11.6,7
6.0,0.36,0.06,1.4,66,27.0,128.0,0.9934,3.26,0.55,9.3,5
7.0,0.22,0.3,1.4,0.04,14.0,63.0,0.98985,3.2,0.33,12.0,6
6.0,0.3,0.33,2.1,42,31.0,127.0,0.98964,3.32,0.42,12.5,6
7.3,0.28,0.36,12.7,0.04,38.0,140.0,998,3.3,0.79,9.6,6
6.1,0.4,0.31,0.9,48,23.0,170.0,993,3.22,0.77,9.5,6
7.4,0.25,0.37,6.9,0.02,14.0,93.0,0.9939,3.0,0.48,10.7,7
7.0,0.17,0.74,12.8,45,24.0,126.0,0.9942,3.26,0.38,12.2,8
6.8,0.14,0.35,1.5,47,40.0,117.0,0.99111,3.07,0.72,11.1,6
6.5,0.13,0.27,2.6,35,32.0,76.0,0.9914,3.21,0.76,11.3333333333333,6
6.9,0.2,0.28,1.2,48,36.0,159.0,0.9936,3.19,0.43,9.1,6
5.9,0.17,0.29,3.1,0.03,32.0,123.0,0.98913,3.41,0.33,13.7,7
8.0,0.26,0.28,4.8,0.05,34.0,150.0,0.99437,3.13,0.5,10.0,6
7.0,0.32,0.31,6.4,31,38.0,115.0,0.99235,3.38,0.58,12.2,7
7.8,0.3,0.29,16.85,54,23.0,135.0,0.9998,3.16,0.38,9.0,6
7.0,0.12,0.29,10.3,39,41.0,98.0,0.99564,3.19,0.38,9.8,8
6.1,0.27,0.31,3.9,34,42.0,137.0,0.99218,3.24,0.46,10.9,6
7.9,0.19,0.26,2.1,39,8.0,143.0,0.9942,3.05,0.74,9.8,5
6.5,0.37,0.33,3.9,27,40.0,130.0,0.9906,3.28,0.39,12.7,7
7.5,0.17,0.37,1.5,0.06,18.0,75.0,0.9936,3.54,0.88,10.7,5
6.1,0.17,0.29,1.1,41,32.0,92.0,0.99036,3.26,0.57,11.2,6
6.6,0.22,0.29,14.4,46,39.0,118.0,0.99834,3.05,0.5,9.1,6
6.2,0.25,0.54,7.0,46,58.0,176.0,0.99454,3.19,0.7,10.4,5
7.3,0.32,0.35,1.4,0.05,8.0,163.0,0.99244,3.24,0.42,10.7,5
6.6,0.2,0.14,4.4,184,35.0,168.0,0.99396,2.93,0.45,9.4,6
6.6,0.23,0.32,0.9,41,25.0,79.0,0.9926,3.39,0.54,10.2,7
6.7,0.24,0.36,8.4,42,42.0,123.0,0.99473,3.34,0.52,10.9,6
8.3,0.2,0.74,4.45,44,33.0,130.0,0.9924,3.25,0.42,12.2,6
8.3,0.24,0.27,2.1,0.03,22.0,162.0,0.9914,2.99,0.68,11.9,6
6.3,0.34,0.19,5.8,41,22.0,145.0,0.9943,3.15,0.63,9.9,5
6.9,0.34,0.3,4.7,29,34.0,148.0,0.99165,3.36,0.49,12.3,7
7.4,0.32,0.55,16.6,56,53.0,238.0,1.0017,2.96,0.58,8.7,6
6.8,0.26,0.22,7.7,47,57.0,210.0,0.9959,3.1,0.47,9.0,5
7.2,0.19,0.39,1.2,36,32.0,85.0,0.9918,3.16,0.5,10.5,5
6.4,0.29,0.44,3.6,197,75.0,183.0,0.9942,3.01,0.38,9.1,5
7.1,0.35,0.24,15.4,55,46.0,198.0,0.9988,3.12,0.49,8.8,5
7.4,0.25,0.37,2.6,0.05,24.0,132.0,0.99138,3.04,0.53,11.2,6
7.4,0.3,0.49,8.2,55,49.0,188.0,0.9974,3.52,0.58,9.7,6
7.9,0.51,0.34,2.6,49,13.0,135.0,0.99335,3.09,0.51,10.0,5
5.9,655,0.0,5.6,33,8.0,31.0,0.9936,3.32,0.51,10.5,4
6.0,0.24,0.41,1.3,36,42.0,118.0,0.99018,3.04,0.64,11.75,6
6.4,0.26,0.21,7.1,0.04,35.0,162.0,0.9956,3.39,0.58,9.9,6
6.9,0.24,0.34,4.7,0.04,43.0,161.0,0.9935,3.2,0.59,10.6,6
5.9,0.37,0.14,6.3,36,34.0,185.0,0.9944,3.17,0.63,9.8,5
7.1,0.43,0.3,6.6,25,15.0,138.0,0.99126,3.18,0.46,12.6,6
5.0,0.61,0.12,1.3,9,65.0,100.0,0.9874,3.26,0.37,13.5,5
7.2,0.31,0.5,13.3,56,68.0,195.0,0.9982,3.01,0.47,9.2,5
7.2,0.25,0.39,18.95,38,42.0,155.0,0.9999,2.97,0.47,9.0,6
5.9,0.26,0.4,1.3,47,12.0,139.0,0.9945,3.45,0.53,10.4,5
6.8,0.23,0.3,1.7,43,19.0,95.0,0.99207,3.17,0.46,10.7,7
6.7,0.14,0.51,4.3,28,57.0,124.0,0.99176,2.91,0.54,10.7,7
7.0,0.17,0.33,4.0,34,17.0,127.0,0.9934,3.19,0.39,10.6,7
6.5,0.44,0.47,5.45,14,44.0,137.0,0.98984,3.13,0.32,13.0,8
8.0,0.28,0.3,8.4,0.03,35.0,115.0,0.99192,2.93,0.42,12.3,6
6.9,0.2,0.3,4.7,41,40.0,148.0,0.9932,3.16,0.35,10.2,6
6.7,0.25,0.33,2.9,57,52.0,173.0,0.9934,3.02,0.48,9.5,7
7.9,0.26,0.33,10.3,39,73.0,212.0,0.9969,2.93,0.49,9.5,6
6.0,0.33,0.26,5.1,51,16.0,119.0,0.99416,3.15,0.41,9.2,5
6.9,0.25,0.29,2.4,38,28.0,76.0,0.99088,3.01,0.36,11.7,7
7.2,0.23,0.38,6.1,67,20.0,90.0,0.99496,3.17,0.79,9.7,5
7.3,0.19,0.27,13.9,57,45.0,155.0,0.99807,2.94,0.41,8.8,8
6.7,0.4,0.22,8.8,52,24.0,113.0,0.99576,3.22,0.45,9.4,5
7.7,0.39,0.34,10.0,56,35.0,178.0,0.9974,3.26,0.6,10.2,5
7.6,0.26,0.32,1.3,48,23.0,76.0,0.9903,2.96,0.46,12.0,6
6.5,0.25,0.27,17.4,64,29.0,140.0,0.99776,3.2,0.49,10.1,6
5.1,0.3,0.3,2.3,48,40.0,150.0,0.98944,3.29,0.46,12.2,6
7.4,0.2,0.37,16.95,48,43.0,190.0,0.9995,3.03,0.42,9.2,6
6.3,0.25,0.22,3.3,48,41.0,161.0,0.99256,3.16,0.5,10.5,6
5.1,0.26,0.33,1.1,27,46.0,113.0,0.98946,3.35,0.43,11.4,7
7.1,0.2,0.36,11.6,42,45.0,124.0,997,2.92,0.59,9.5,7
6.5,0.22,0.32,2.2,28,36.0,92.0,0.99076,3.27,0.59,11.9,7
6.4,0.29,0.57,1.0,0.06,15.0,120.0,0.9924,3.06,0.41,9.5,5
5.6,245,0.32,1.1,47,24.0,152.0,0.9927,3.12,0.42,9.3,6
7.8,0.39,0.26,9.9,59,33.0,181.0,0.9955,3.04,0.42,10.9,6
6.6,0.58,0.3,5.1,57,30.0,123.0,0.9949,3.24,0.38,9.0,5
6.8,0.28,0.4,22.0,48,48.0,167.0,1001,2.93,0.5,8.7,5
6.4,0.24,0.27,1.5,0.04,35.0,105.0,0.98914,3.13,0.3,12.4,6
5.9,0.21,0.23,7.9,33,22.0,130.0,0.9944,3.38,0.59,10.9,6
6.0,0.23,0.15,9.7,48,101.0,207.0,0.99571,3.05,0.3,9.1,5
7.2,0.16,0.26,7.1,54,41.0,224.0,0.9966,3.38,0.55,10.1,5
6.6,0.28,0.42,8.2,44,60.0,196.0,0.99562,3.14,0.48,9.4,5
5.8,315,0.19,19.4,31,28.0,106.0,0.99704,2.97,0.4,10.55,6
7.1,0.13,0.29,15.5,64,56.0,115.5,0.99737,3.16,0.41,9.7,7
6.1,0.27,0.28,9.8,42,61.0,125.0,0.99532,3.14,0.42,10.2,6
7.5,0.18,0.31,6.5,29,53.0,160.0,0.99276,3.03,0.38,10.9,6
6.7,0.3,0.44,18.5,57,65.0,224.0,0.99956,3.11,0.53,9.1,5
5.7,0.25,0.32,12.2,41,43.0,127.0,0.99524,3.23,0.53,10.4,7
6.8,0.24,0.35,6.4,48,44.0,172.0,0.9944,3.29,0.55,10.5,7
6.4,0.24,0.26,8.2,54,47.0,182.0,0.99538,3.12,0.5,9.5,5
7.3,0.22,0.49,9.9,31,48.0,161.0,0.9937,3.01,0.28,11.2,6
5.7,0.18,0.22,4.2,42,25.0,111.0,994,3.35,0.39,9.4,5
6.7,0.27,0.26,2.3,43,61.0,181.0,0.99394,3.45,0.63,10.6,6
7.5,0.31,0.51,14.8,39,62.0,204.0,0.9982,3.06,0.6,9.5,5
8.0,0.3,0.28,5.7,44,31.0,124.0,0.9948,3.16,0.51,10.2,6
7.4,155,0.34,2.3,45,73.5,214.0,0.9934,3.18,0.61,9.9,7
6.1,0.28,0.22,1.8,34,32.0,116.0,0.9898,3.36,0.44,12.6,6
6.8,0.17,0.32,1.4,0.04,35.0,106.0,0.99026,3.16,0.66,12.0,5
7.0,0.27,0.41,18.75,42,34.0,157.0,1.0002,2.96,0.5,9.1,5
8.3,0.19,0.49,1.2,51,11.0,137.0,0.9918,3.06,0.46,11.0,6
6.6,0.24,0.38,8.0,42,56.0,187.0,0.99577,3.21,0.46,9.2,5
7.0,0.26,0.59,1.4,37,40.0,120.0,0.9918,3.34,0.41,11.1,7
6.5,0.19,0.32,1.4,0.04,31.0,132.0,0.9922,3.36,0.54,10.8,7
6.2,0.45,0.73,7.2,99,47.0,202.0,0.99582,3.21,0.43,9.2,5
8.0,0.25,0.26,14.0,43,41.0,248.0,0.9986,3.03,0.57,8.7,6
6.3,0.4,0.24,5.1,36,43.0,131.0,0.99186,3.24,0.44,11.3,6
7.1,0.25,0.32,10.3,41,66.0,272.0,0.9969,3.17,0.52,9.1,6
7.1,0.14,0.35,1.4,39,24.0,128.0,0.99212,2.97,0.68,10.4,5
8.6,0.2,0.42,1.5,41,35.0,125.0,0.9925,3.11,0.49,11.4,7
5.7,0.22,0.33,1.9,36,37.0,110.0,0.98945,3.26,0.58,12.4,6
8.4,0.24,0.49,7.4,39,46.0,108.0,0.9934,3.03,0.33,11.9,7
6.8,0.19,0.71,17.5,42,21.0,114.0,0.99784,2.85,0.5,9.5,6
7.0,0.16,0.3,2.6,43,34.0,90.0,0.99047,2.88,0.47,11.2,6
6.8,0.27,0.35,7.8,48,76.0,197.0,0.9959,3.24,0.43,9.5,6
6.5,0.18,0.26,1.4,41,40.0,141.0,0.9941,3.34,0.72,9.5,6
5.6,0.26,0.18,1.4,34,18.0,135.0,0.99174,3.32,0.35,10.2,6
8.0,0.36,0.39,1.6,24,26.0,93.0,0.99116,3.15,0.49,11.9,6
7.5,0.29,0.36,15.7,0.05,29.0,124.0,0.9968,3.06,0.54,10.4,5
6.4,0.37,0.2,5.6,117,61.0,183.0,0.99459,3.24,0.43,9.5,5
6.6,0.25,0.29,1.1,68,39.0,124.0,0.9914,3.34,0.58,11.0,7
6.0,0.24,0.27,1.9,48,40.0,170.0,0.9938,3.64,0.54,10.0,7
7.6,0.35,0.46,14.7,47,33.0,151.0,0.99709,3.03,0.53,10.3,5
7.0,0.22,0.26,9.2,27,37.0,122.0,0.99228,3.06,0.34,12.5,8
5.8,0.39,0.47,7.5,27,12.0,88.0,0.9907,3.38,0.45,14.0,6
8.5,0.23,0.4,9.9,36,24.0,88.0,0.9951,3.02,0.42,10.5,6
6.3,0.26,0.29,2.2,43,35.0,175.0,0.9918,3.38,0.43,11.6,6
6.5,0.18,0.41,14.2,39,47.0,129.0,0.99678,3.28,0.72,10.3,7
6.4,0.23,0.26,8.1,54,47.0,181.0,0.9954,3.12,0.49,9.4,5
7.8,0.16,0.41,1.7,26,29.0,140.0,991,3.02,0.78,12.5,6
7.1,0.55,0.13,1.7,73,21.0,165.0,994,2.97,0.58,9.2,6
6.8,0.11,0.27,8.6,44,45.0,104.0,0.99454,3.2,0.37,9.9,6
9.4,0.16,0.23,1.6,42,14.0,67.0,0.9942,3.07,0.32,9.5,5
7.1,0.28,0.19,7.8,0.04,48.0,184.0,0.99579,3.16,0.5,9.4,5
6.0,0.39,0.13,1.2,42,60.0,172.0,0.99114,3.06,0.52,10.6,5
7.3,0.19,0.27,1.6,27,35.0,136.0,0.99248,3.38,0.54,11.0,7
8.0,0.29,0.49,11.7,35,40.0,131.0,0.9958,3.14,0.34,10.8,5
7.0,0.15,0.28,14.7,51,29.0,149.0,0.99792,2.96,0.39,9.0,7
7.5,0.24,0.31,13.1,0.05,26.0,180.0,0.99884,3.05,0.53,9.1,6
7.1,0.32,0.4,1.5,34,13.0,84.0,0.9944,3.42,0.6,10.4,5
7.3,0.28,0.35,1.6,54,31.0,148.0,0.99178,3.18,0.47,10.7,5
6.8,0.26,0.46,8.3,37,49.0,173.0,0.99601,3.17,0.47,9.3,5
6.4,0.25,0.74,7.8,45,52.0,209.0,0.9956,3.21,0.42,9.2,6
6.3,0.22,0.3,2.0,0.05,23.0,120.0,0.99204,3.24,0.47,10.4,6
6.2,0.27,0.18,1.5,28,20.0,111.0,0.99228,3.41,0.5,10.0,5
5.8,0.27,0.26,3.5,71,26.0,69.0,0.98994,3.1,0.38,11.5,6
5.8,0.35,0.29,3.2,34,41.0,151.0,0.9912,3.35,0.58,11.6333333333333,7
5.9,0.17,0.28,0.7,27,5.0,28.0,0.98985,3.13,0.32,10.6,5
6.1,0.17,0.28,2.5,28,22.0,98.0,0.99072,3.16,0.37,11.1,7
7.1,0.39,0.39,11.1,34,25.0,204.0,0.99616,3.05,0.52,10.0,6
7.5,0.24,0.31,13.1,0.05,26.0,180.0,0.99884,3.05,0.53,9.1,6
8.3,0.21,0.4,1.6,32,35.0,110.0,0.9907,3.02,0.6,12.9,7
7.0,0.27,0.36,20.7,45,45.0,170.0,1001,3.0,0.45,8.8,6
5.6,0.32,0.32,8.3,43,32.0,105.0,0.99266,3.24,0.47,11.2,6
8.0,0.4,0.33,7.7,34,27.0,98.0,0.9935,3.18,0.41,12.2,7
6.7,0.24,0.29,6.8,38,54.0,127.0,0.9932,3.33,0.46,11.6,7
6.5,0.29,0.42,10.6,42,66.0,202.0,0.99674,3.24,0.53,9.5,6
8.1,0.26,0.27,4.3,0.03,43.0,123.0,0.99212,3.16,0.33,11.2,6
6.5,0.3,0.32,2.0,44,34.0,90.0,0.99185,3.37,0.68,11.0,7
6.5,0.24,0.38,1.0,27,31.0,90.0,0.98926,3.24,0.36,12.3,6
6.4,0.3,0.36,2.0,52,18.0,141.0,0.99273,3.38,0.53,10.5,6
5.8,315,0.27,1.55,26,15.0,70.0,0.98994,3.37,0.4,11.9,8
6.0,0.2,0.71,1.6,0.15,10.0,54.0,0.9927,3.12,0.47,9.8,5
7.5,0.3,0.32,1.4,32,31.0,161.0,0.99154,2.95,0.42,10.5,5
8.2,0.25,0.46,3.75,0.05,14.0,102.0,0.99524,3.28,0.58,9.7,5
7.15,0.17,0.24,9.6,119,56.0,178.0,0.99578,3.15,0.44,10.2,6
7.3,0.21,0.3,10.9,37,18.0,112.0,997,3.4,0.5,9.6,6
6.1,0.3,0.47,1.4,49,50.0,187.0,0.9927,3.19,0.45,9.5,5
6.4,0.41,0.01,6.1,48,20.0,70.0,0.99362,3.19,0.42,10.0,5
6.1,0.25,0.28,10.0,55,56.0,131.0,994,3.22,0.35,10.9,6
6.9,0.33,0.21,1.0,53,39.0,148.0,0.9927,3.12,0.45,9.4,6
9.9,0.49,0.23,2.4,87,19.0,115.0,0.9948,2.77,0.44,9.4,6
6.9,0.25,0.47,8.4,42,36.0,156.0,0.99604,3.15,0.55,9.4,6
5.9,0.34,0.3,3.8,35,57.0,135.0,0.99016,3.09,0.34,12.0,6
7.0,0.2,0.31,8.0,0.05,29.0,213.0,0.99596,3.28,0.57,10.4,6
7.0,0.36,0.35,2.5,48,67.0,161.0,0.99146,3.05,0.56,11.1,6
7.7,0.28,0.33,6.7,37,32.0,155.0,0.9951,3.39,0.62,10.7,7
7.6,0.31,0.52,13.2,42,61.0,148.0,0.99839,2.98,0.47,9.1,6
7.0,0.15,0.28,14.7,51,29.0,149.0,0.99792,2.96,0.39,9.0,7
5.9,0.24,0.34,2.0,37,40.0,108.0,0.98948,3.19,0.5,12.3,6
6.9,0.31,0.34,7.4,59,36.0,174.0,0.9963,3.46,0.62,11.1,7
7.1,0.2,0.31,6.85,53,32.0,211.0,0.99587,3.31,0.59,10.4,6
6.6,0.21,0.36,0.8,34,48.0,113.0,0.99165,3.24,0.68,10.5,6
6.1,0.17,0.27,1.5,56,45.0,135.0,0.9924,3.2,0.43,10.2,6
6.8,0.45,0.3,11.8,94,23.0,97.0,997,3.09,0.44,9.6,5
6.3,0.48,0.48,1.8,35,35.0,96.0,0.99121,3.49,0.74,12.2,6
7.2,0.23,0.46,6.4,36,17.0,85.0,0.99279,3.1,0.78,11.7,6
6.0,0.2,0.24,1.8,0.03,30.0,105.0,0.9909,3.31,0.47,11.5,6
6.0,555,0.26,4.5,53,17.0,126.0,0.9943,3.24,0.46,9.1,5
7.8,0.27,0.28,1.8,0.05,21.0,127.0,0.9934,3.15,0.44,9.9,5
8.0,0.23,0.46,1.5,0.03,30.0,125.0,0.9907,3.23,0.47,12.5,6
6.7,0.41,0.34,9.2,49,29.0,150.0,0.9968,3.22,0.51,9.1,5
5.4,0.29,0.38,1.2,29,31.0,132.0,0.98895,3.28,0.36,12.4,6
6.6,0.28,0.3,12.9,33,31.0,177.0,0.99479,3.12,0.39,11.2,6
6.6,0.23,0.2,11.4,44,45.0,131.0,0.99604,2.96,0.51,9.7,6
5.6,0.27,0.37,0.9,25,11.0,49.0,0.98845,3.29,0.33,13.1,6
6.2,0.3,0.17,2.8,0.04,24.0,125.0,0.9939,3.01,0.46,9.0,5
7.7,0.34,0.28,11.0,0.04,31.0,117.0,0.99815,3.27,0.29,9.2,6
6.7,0.3,0.29,2.8,25,37.0,107.0,0.99159,3.31,0.63,11.3,7
5.7,0.15,0.28,3.7,45,57.0,151.0,0.9913,3.22,0.27,11.2,6
7.5,0.21,0.34,1.2,0.06,26.0,111.0,0.9931,3.51,0.47,10.7,6
5.5,0.21,0.25,1.2,0.04,18.0,75.0,0.99006,3.31,0.56,11.3,6
7.3,0.28,0.54,12.9,49,62.0,162.5,0.9984,3.06,0.45,9.1,6
6.7,0.5,0.38,7.5,46,26.0,175.0,0.99662,3.32,0.54,9.6,5
6.6,0.12,0.25,1.4,39,21.0,131.0,0.99114,3.2,0.45,11.2,7
7.3,0.23,0.27,2.6,35,39.0,120.0,0.99138,3.04,0.59,11.3,7
7.4,0.16,0.27,15.5,0.05,25.0,135.0,0.9984,2.9,0.43,8.7,7
7.4,0.25,0.49,1.1,42,35.0,156.0,0.9917,3.13,0.55,11.3,5
7.0,0.34,0.26,10.3,41,51.0,166.0,0.99382,3.08,0.35,11.6,6
6.5,0.2,0.31,2.1,33,32.0,95.0,0.989435,2.96,0.61,12.0,6
6.4,0.35,0.28,1.6,37,31.0,113.0,0.98779,3.12,0.4,14.2,7
7.1,0.47,0.29,14.8,24,22.0,142.0,0.99518,3.12,0.48,12.0,8
7.7,0.31,0.26,7.8,31,23.0,90.0,0.9944,3.13,0.5,10.4,5
5.6,0.19,0.47,4.5,0.03,19.0,112.0,0.9922,3.56,0.45,11.2,6
7.2,0.47,0.16,5.9,48,14.0,125.0,0.99428,3.09,0.49,9.8,5
8.2,0.61,0.45,5.4,0.03,15.0,118.0,0.9954,3.14,0.34,9.6,5
8.0,0.25,0.49,1.2,61,27.0,117.0,0.9938,3.08,0.34,9.4,5
7.8,0.4,0.26,9.5,59,32.0,178.0,0.9955,3.04,0.43,10.9,6
5.8,0.29,0.27,1.6,62,17.0,140.0,0.99138,3.23,0.35,11.1,6
7.1,0.27,0.24,12.6,44,48.0,118.0,0.99726,3.04,0.56,10.0,7
7.3,0.51,0.26,3.3,0.09,7.0,135.0,0.9944,3.01,0.52,8.8,5
6.4,0.29,0.18,15.0,0.04,21.0,116.0,0.99736,3.14,0.5,9.2,5
7.6,0.31,0.49,13.4,62,50.0,191.0,0.9989,3.22,0.53,9.0,4
7.7,0.31,0.36,4.3,26,15.0,87.0,0.99152,3.11,0.48,12.0,5
7.4,0.16,0.3,13.7,56,33.0,168.0,0.99825,2.9,0.44,8.7,7
7.3,0.29,0.37,8.3,44,45.0,227.0,0.9966,3.12,0.47,9.0,5
6.7,0.16,0.28,2.5,46,40.0,153.0,0.9921,3.38,0.51,11.4,7
7.0,0.28,0.33,14.6,43,47.0,168.0,0.9994,3.34,0.67,8.8,6
6.7,0.31,0.09,1.4,39,53.0,141.0,0.99206,3.12,0.44,10.1,5
6.7,0.13,0.45,4.2,43,52.0,131.0,0.99162,3.06,0.54,11.3,6
7.3,0.3,0.33,2.3,43,28.0,125.0,0.99084,3.34,0.44,12.6,7
7.8,0.15,0.24,7.7,47,21.0,98.0,0.9951,2.94,0.31,9.6,6
6.8,0.3,0.33,12.8,41,60.0,168.0,0.99659,3.1,0.56,9.8,5
7.8,0.27,0.58,11.2,36,44.0,161.0,0.9977,3.06,0.41,8.9,6
6.3,0.24,0.29,1.6,52,48.0,185.0,0.9934,3.21,0.5,9.4,5
9.6,0.23,0.4,1.5,44,19.0,135.0,0.9937,2.96,0.49,10.9,5
7.0,0.29,0.37,1.6,35,34.0,126.0,0.99058,3.26,0.47,12.3,6
5.8,0.34,0.21,6.6,0.04,50.0,167.0,0.9941,3.29,0.62,10.0,5
6.5,0.18,0.26,1.4,41,40.0,141.0,0.9941,3.34,0.72,9.5,6
6.1,0.27,0.32,6.2,48,47.0,161.0,0.99281,3.22,0.6,11.0,6
6.9,0.21,0.24,1.8,21,17.0,80.0,0.98992,3.15,0.46,12.3,7
6.9,0.34,0.36,1.4,32,13.0,145.0,0.99214,3.07,0.52,9.8,5
6.4,0.26,0.43,12.6,33,64.0,230.0,0.9974,3.08,0.38,8.9,5
7.2,0.25,0.28,14.4,55,55.0,205.0,0.9986,3.12,0.38,9.0,7
5.8,0.23,0.21,1.5,44,21.0,110.0,0.99138,3.3,0.57,11.0,6
5.2,285,0.29,5.15,35,64.0,138.0,0.9895,3.19,0.34,12.4,8
6.8,0.22,0.26,1.2,41,29.0,182.0,0.99104,3.04,0.35,11.2,5
7.5,0.2,0.41,1.2,0.05,26.0,131.0,0.99133,3.19,0.52,11.1,5
6.7,0.32,0.32,1.7,31,31.0,114.0,0.98946,3.12,0.35,12.5,6
6.8,0.15,0.3,5.3,0.05,40.0,127.0,0.9942,3.4,0.39,9.7,6
7.5,0.28,0.41,1.3,44,11.0,126.0,0.99293,3.28,0.45,10.3,5
7.0,0.23,0.42,18.05,0.05,35.0,144.0,0.9999,3.22,0.42,8.8,5
7.6,0.27,0.32,1.2,43,23.0,72.0,0.99236,3.06,0.68,10.5,5
8.2,0.36,0.29,7.6,35,37.0,122.0,0.9939,3.16,0.34,12.0,5
6.1,0.16,0.29,6.0,0.03,29.0,144.0,0.99474,3.68,0.46,10.7,6
6.5,0.39,0.35,1.6,49,10.0,164.0,0.99516,3.35,0.51,9.7,5
6.8,0.28,0.34,7.5,35,34.0,177.0,0.99692,3.33,0.43,9.1,5
6.0,0.44,0.26,3.1,53,57.0,128.0,0.98982,3.22,0.39,12.7,6
6.4,0.22,0.32,7.2,28,15.0,83.0,993,3.13,0.55,10.9,8
6.5,0.27,0.19,6.6,45,98.0,175.0,0.99364,3.16,0.34,10.1,6
5.6,185,0.19,7.1,48,36.0,110.0,0.99438,3.26,0.41,9.5,6
7.3,0.32,0.48,13.3,0.06,57.0,196.0,0.9982,3.04,0.5,9.2,5
8.5,0.17,0.31,1.0,24,13.0,91.0,993,2.79,0.37,10.1,5
6.7,0.26,0.26,4.0,79,35.5,216.0,0.9956,3.31,0.68,9.5,5
7.6,0.33,0.35,6.3,36,12.0,126.0,0.9924,3.16,0.39,12.0,7
6.3,0.19,0.28,1.8,22,28.0,158.0,0.9907,3.2,0.64,11.4,6
6.6,0.52,0.44,12.2,48,54.0,245.0,0.9975,3.26,0.54,9.3,6
8.2,0.18,0.31,11.8,39,96.0,249.0,0.9976,3.07,0.52,9.5,6
6.1,0.17,0.42,15.1,33,28.0,124.0,0.99684,2.87,0.47,9.5,5
6.4,0.26,0.35,7.7,56,45.0,191.0,0.99527,3.16,0.5,9.5,5
6.5,0.31,0.14,7.5,44,34.0,133.0,0.9955,3.22,0.5,9.5,5
7.4,0.21,0.27,1.2,41,27.0,99.0,0.9927,3.19,0.33,9.8,6
6.2,0.27,0.32,6.3,48,47.0,159.0,0.99282,3.21,0.6,11.0,6
8.2,0.26,0.44,1.3,46,7.0,69.0,0.9944,3.14,0.62,10.2,4
5.1,0.33,0.22,1.6,27,18.0,89.0,0.9893,3.51,0.38,12.5,7
6.1,0.36,0.58,15.0,44,42.0,115.0,0.9978,3.15,0.51,9.0,5
6.2,0.24,0.35,1.2,38,22.0,167.0,0.9912,3.1,0.48,10.6,6
7.8,0.43,0.49,13.0,33,37.0,158.0,0.9955,3.14,0.35,11.3,6
6.0,0.33,0.26,5.1,51,16.0,119.0,0.99416,3.15,0.41,9.2,5
7.4,0.18,0.27,1.3,48,26.0,105.0,994,3.52,0.66,10.6,6
6.6,0.24,0.22,12.3,51,35.0,146.0,0.99676,3.1,0.67,9.4,5
5.8,0.33,0.23,5.0,53,29.0,106.0,0.99458,3.13,0.52,9.0,5
6.5,0.29,0.32,3.0,36,38.0,93.0,0.9906,3.16,0.59,12.0,6
6.2,0.28,0.43,13.0,39,64.0,233.0,0.99745,3.08,0.38,8.9,5
6.0,0.21,0.38,0.8,0.02,22.0,98.0,0.98941,3.26,0.32,11.8,6
6.6,0.19,0.41,8.9,46,51.0,169.0,0.9954,3.14,0.57,9.8,6
7.7,0.46,0.18,3.3,54,18.0,143.0,0.99392,3.12,0.51,10.8,6
6.5,0.18,0.34,1.6,0.04,43.0,148.0,0.9912,3.32,0.59,11.5,8
8.4,0.27,0.3,2.2,37,36.0,129.0,0.99085,2.89,0.3,11.4666666666667,6
6.6,0.24,0.27,15.8,35,46.0,188.0,0.9982,3.24,0.51,9.2,5
6.6,0.62,0.2,8.7,46,81.0,224.0,0.99605,3.17,0.44,9.3,5
9.7,0.14,0.59,1.5,49,23.0,142.0,0.9958,2.98,0.62,9.5,5
7.2,0.4,0.62,10.8,41,70.0,189.0,0.9976,3.08,0.49,8.6,4
6.3,0.23,0.3,1.8,33,16.0,91.0,0.9906,3.28,0.4,11.8,6
6.9,0.38,0.29,13.65,48,52.0,189.0,0.99784,3.0,0.6,9.5,6
5.2,335,0.2,1.7,33,17.0,74.0,0.99002,3.34,0.48,12.3,6
6.1,0.38,0.2,6.6,33,25.0,137.0,0.9938,3.3,0.69,10.4,6
6.1,0.17,0.42,15.1,33,28.0,124.0,0.99684,2.87,0.47,9.5,5
8.0,0.37,0.31,4.7,38,3.0,127.0,0.99186,2.9,0.72,12.1,5
9.7,0.24,0.49,4.9,32,3.0,18.0,0.99368,2.85,0.54,10.0,6
6.2,0.23,0.36,17.2,39,37.0,130.0,0.99946,3.23,0.43,8.8,6
6.9,0.33,0.31,7.7,0.04,29.0,135.0,0.99226,3.11,0.57,12.3,5
7.3,0.19,0.27,13.9,57,45.0,155.0,0.99807,2.94,0.41,8.8,8
5.6,0.49,0.13,4.5,39,17.0,116.0,0.9907,3.42,0.9,13.7,7
6.0,0.59,0.0,0.8,37,30.0,95.0,0.99032,3.1,0.4,10.9,4
8.0,0.57,0.39,3.9,34,22.0,122.0,0.9917,3.29,0.67,12.8,7
5.5,0.16,0.26,1.5,32,35.0,100.0,0.99076,3.43,0.77,12.0,6
6.6,0.36,0.52,11.3,46,8.0,110.0,0.9966,3.07,0.46,9.4,5
6.3,0.14,0.39,1.2,44,26.0,116.0,992,3.26,0.53,10.3,6
7.0,0.15,0.38,2.2,47,33.0,96.0,0.9928,3.13,0.39,10.4,8
5.8,0.29,0.33,3.7,29,30.0,88.0,0.98994,3.25,0.42,12.3,6
6.4,0.22,0.34,1.8,57,29.0,104.0,0.9959,3.81,0.57,10.3,6
7.6,0.27,0.25,13.9,0.05,45.0,199.0,0.9984,3.34,0.5,9.8,6
6.3,0.31,0.34,2.2,45,20.0,77.0,0.9927,3.3,0.43,10.2,5
7.0,0.16,0.36,2.6,29,28.0,98.0,0.99126,3.11,0.37,11.2,7
7.2,0.24,0.36,2.0,29,21.0,63.0,0.99076,3.13,0.63,12.5,6
7.2,0.28,0.3,10.7,44,61.0,222.0,0.9972,3.14,0.5,9.1,6
6.6,0.39,0.22,4.0,38,17.0,98.0,0.99018,3.25,0.53,13.0,7
7.4,0.24,0.22,10.7,42,26.0,81.0,0.9954,2.86,0.36,9.7,6
6.3,0.23,0.3,1.8,33,16.0,91.0,0.9906,3.28,0.4,11.8,6
6.9,0.39,0.22,4.3,0.03,10.0,102.0,993,3.0,0.87,11.6,4
7.6,0.19,0.37,13.1,33,52.0,151.0,0.99726,3.18,0.79,10.4,6
6.5,0.33,0.28,6.1,18,41.0,103.0,0.99122,3.24,0.32,12.2,6
8.1,0.26,0.3,7.8,49,39.0,152.0,0.9954,2.99,0.58,10.0,6
